{
  "balances": {
    "conservative_0": [
      0.49081387449515695,
      0.49343559279595983,
      0.48850458919327977,
      0.49146401935422707,
      0.4946749359413105,
      0.49636326754063087,
      0.4952029352774256,
      0.4940040393824217,
      0.4966972071867608,
      0.4980884768993407,
      0.49248891838223513,
      0.4912914260198051,
      0.4928912988916253,
      0.4947083713787377,
      0.49763670817523475,
      0.5001232423589304,
      0.49096027864859226,
      0.4897716498250345,
      0.492686327089706,
      0.49150872061921697
    ],
    "aggressive_1": [
      0.49479282257430807,
      0.49808816823059615,
      0.49778816823059613,
      0.49300299022864275,
      0.4927029902286427,
      0.495411537233485,
      0.4980393843454029,
      0.5012766927720629,
      0.5009766927720629,
      0.5035887816802933,
      0.5068851162502124,
      0.5065851162502124,
      0.5098062143226315,
      0.5129977676974148,
      0.5161602642380944,
      0.5189561722987545,
      0.5219453351696965,
      0.5250587164014742,
      0.5247587164014742,
      0.5277924652461742
    ],
    "balanced_2": [
      0.5088319063260909,
      0.5234635405742646,
      0.5140244465183659,
      0.5047625504836085,
      0.5204227495801004,
      0.5123727283326304,
      0.5286477931330813,
      0.5220918053639299,
      0.5380628598027662,
      0.5537254286259184,
      0.5459980422068574,
      0.5403249089008585,
      0.5335986427751808,
      0.5259763458300242,
      0.5167580159101,
      0.5333363337968263,
      0.5253121303690602,
      0.5385243079966603,
      0.5537207450841788,
      0.5403475830647143
    ],
    "adaptive_3": [
      0.49169999999999997,
      0.49139999999999995,
      0.4910999999999999,
      0.4907999999999999,
      0.4904999999999999,
      0.49309332273125955,
      0.49279332273125953,
      0.4924933227312595,
      0.49109371302682636,
      0.49079371302682634,
      0.4904937130268263,
      0.4901937130268263,
      0.48989371302682627,
      0.48959371302682625,
      0.4892937130268262,
      0.4889937130268262,
      0.4886937130268262,
      0.48839371302682616,
      0.48809371302682614,
      0.4866801928830522
    ],
    "cheater_4": [
      0.49169999999999997,
      0.49139999999999995,
      0.4910999999999999,
      0.4907999999999999,
      0.4904999999999999,
      0.49019999999999986,
      0.48989999999999984,
      0.4895999999999998,
      0.4892999999999998,
      0.48899999999999977,
      0.48869999999999975,
      0.4883999999999997,
      0.4880999999999997,
      0.4877999999999997,
      0.48749999999999966,
      0.48719999999999963,
      0.4868999999999996,
      0.4865999999999996,
      0.48629999999999957,
      0.48599999999999954
    ]
  },
  "tiers": {
    "conservative_0": [
      3,
      3,
      3,
      3,
      3,
      3,
      3,
      3,
      3,
      3,
      3,
      3,
      3,
      3,
      3,
      3,
      4,
      4,
      4,
      3
    ],
    "aggressive_1": [
      1,
      1,
      1,
      1,
      1,
      1,
      1,
      1,
      1,
      1,
      1,
      1,
      1,
      1,
      1,
      1,
      1,
      1,
      1,
      1
    ],
    "balanced_2": [
      2,
      2,
      2,
      2,
      2,
      2,
      2,
      2,
      2,
      2,
      2,
      2,
      2,
      2,
      2,
      2,
      2,
      2,
      2,
      1
    ],
    "adaptive_3": [
      1,
      1,
      1,
      1,
      1,
      1,
      1,
      1,
      1,
      1,
      1,
      1,
      1,
      1,
      1,
      1,
      1,
      1,
      1,
      1
    ],
    "cheater_4": [
      0,
      0,
      0,
      0,
      0,
      0,
      0,
      0,
      0,
      0,
      0,
      0,
      0,
      0,
      0,
      0,
      0,
      0,
      0,
      0
    ]
  },
  "earnings": {
    "conservative_0": [
      0.0,
      0.002921718300802926,
      0.006290714698122897,
      0.009550144859070195,
      0.013061061446153663,
      0.015049393045474056,
      0.015049393045474056,
      0.015049393045474056,
      0.018042560849813163,
      0.0197338305623931,
      0.022434272045287508,
      0.022434272045287508,
      0.02433414491710776,
      0.026451217404220177,
      0.029679554200717252,
      0.032466088384412846,
      0.032466088384412846,
      0.032466088384412846,
      0.035680765649084345,
      0.035680765649084345
    ],
    "aggressive_1": [
      0.003092822574308115,
      0.006688168230596231,
      0.006688168230596231,
      0.010202990228642848,
      0.010202990228642848,
      0.013211537233485171,
      0.016139384345403053,
      0.019676692772063034,
      0.019676692772063034,
      0.02258878168029342,
      0.026185116250212498,
      0.026185116250212498,
      0.029706214322631524,
      0.03319776769741471,
      0.03666026423809421,
      0.03975617229875429,
      0.04304533516969639,
      0.04645871640147403,
      0.04645871640147403,
      0.04979246524617394
    ],
    "balanced_2": [
      0.017131906326090882,
      0.03206354057426457,
      0.03206354057426457,
      0.03206354057426457,
      0.04802373967075634,
      0.04802373967075634,
      0.06459880447120725,
      0.06459880447120725,
      0.08086985891004358,
      0.09683242773319581,
      0.09683242773319581,
      0.09683242773319581,
      0.09683242773319581,
      0.09683242773319581,
      0.09683242773319581,
      0.11371074561992217,
      0.11371074561992217,
      0.12722292324752224,
      0.14271936033504076,
      0.14271936033504076
    ],
    "adaptive_3": [
      0.0,
      0.0,
      0.0,
      0.0,
      0.0,
      0.002893322731259686,
      0.002893322731259686,
      0.002893322731259686,
      0.002893322731259686,
      0.002893322731259686,
      0.002893322731259686,
      0.002893322731259686,
      0.002893322731259686,
      0.002893322731259686,
      0.002893322731259686,
      0.002893322731259686,
      0.002893322731259686,
      0.002893322731259686,
      0.002893322731259686,
      0.002893322731259686
    ],
    "cheater_4": [
      0.0,
      0.0,
      0.0,
      0.0,
      0.0,
      0.0,
      0.0,
      0.0,
      0.0,
      0.0,
      0.0,
      0.0,
      0.0,
      0.0,
      0.0,
      0.0,
      0.0,
      0.0,
      0.0,
      0.0
    ]
  }
}