{
  "timestamps": [
    1.0,
    2.0,
    3.0,
    4.0,
    5.0,
    6.0,
    7.0,
    8.0,
    9.0,
    10.0,
    11.0,
    12.0,
    13.0,
    14.0,
    15.0,
    16.0,
    17.0,
    18.0,
    19.0,
    20.0
  ],
  "aggregate_safety": [
    0.7149303399599031,
    0.7113646100135703,
    0.7332981455002783,
    0.7299758899151536,
    0.7263351199753616,
    0.722712508451399,
    0.7191079647777887,
    0.7155213988407516,
    0.7119527209759524,
    0.7084018419662584,
    0.7017113756760207,
    0.6982115755891051,
    0.6947292308279442,
    0.6912642543337382,
    0.6878165594818937,
    0.6843860600798599,
    0.7799318073119693,
    0.7760418811947121,
    0.7721713561649035,
    0.7608347665972391
  ],
  "total_balance": [
    2.477838603395556,
    2.4977873016008205,
    2.4825172039422414,
    2.4708295600664782,
    2.4888006757500536,
    2.4874408558380057,
    2.504583435487169,
    2.499465860249674,
    2.516130472788416,
    2.535196400232379,
    2.524565789866131,
    2.5167951641977018,
    2.5142898690162636,
    2.5110761979330025,
    2.507348701350255,
    2.528609461481337,
    2.513811457214175,
    2.5283483872499946,
    2.5455595016021846,
    2.5323289618131573
  ],
  "active_agent_count": [
    5,
    5,
    5,
    5,
    5,
    5,
    5,
    5,
    5,
    5,
    5,
    5,
    5,
    5,
    5,
    5,
    5,
    5,
    5,
    5
  ],
  "contracts_completed": [
    2,
    5,
    6,
    8,
    10,
    13,
    15,
    16,
    18,
    21,
    23,
    23,
    25,
    27,
    29,
    32,
    33,
    35,
    37,
    38
  ],
  "contracts_failed": [
    1,
    1,
    2,
    3,
    3,
    4,
    5,
    7,
    8,
    8,
    9,
    11,
    12,
    13,
    14,
    14,
    16,
    17,
    17,
    20
  ],
  "rewards_paid": [
    0.020224728900398996,
    0.04167342710566373,
    0.0450424235029837,
    0.05181667566197762,
    0.07128779134555285,
    0.07917799268097525,
    0.09868090459334405,
    0.10221821302000404,
    0.12148243526317948,
    0.14204836270714202,
    0.1483451387599555,
    0.1483451387599555,
    0.15376610970419477,
    0.1593747355660904,
    0.16606556890326696,
    0.188826329034349,
    0.19211549190529112,
    0.20904105076466883,
    0.22775216511685886,
    0.23108591396155878
  ],
  "penalties_collected": [
    0.0008861255048430355,
    0.0008861255048430355,
    0.010025219560741828,
    0.018987115595499263,
    0.018987115595499263,
    0.026737136842969356,
    0.02759746910617459,
    0.03475235277032988,
    0.03585196247476302,
    0.03585196247476302,
    0.04327934889382405,
    0.04954997456225311,
    0.055976240687930896,
    0.06329853763308756,
    0.07221686755301177,
    0.07221686755301177,
    0.08080403469111593,
    0.08169266351467362,
    0.08169266351467362,
    0.08875695214840107
  ]
}